{"cameraMode":{"drawMode":0,"name":"Shaded","section":"Shading Mode"},"sceneLighting":false,"audioPlay":false,"sceneViewState":{"m_AlwaysRefresh":false,"showFog":true,"showSkybox":false,"showFlares":true,"showImageEffects":true,"showParticleSystems":true,"showVisualEffectGraphs":true,"m_FxEnabled":true},"in2DMode":false,"pivot":{"x":10.008737564086914,"y":4.7094855308532719,"z":28.460590362548829},"rotation":{"x":-0.050478383898735049,"y":0.9370585680007935,"z":-0.15257754921913148,"w":-0.3100101053714752},"size":2.1043102741241457,"orthographic":false}